customer_id,first_name,last_name,gender,phone_number,email,address
1,Nathan,Vargas,Female,706-886-1206,brandon47@example.com,"Unit 3133 Box 5173
DPO AP 69115"
2,Thomas,Flores,Female,3023674507,floresdavid@example.com,"796 Jason Flats
Port Kenneth, IN 80525"
3,Tyrone,Yang,Female,+1-228-334-2103,michaelgonzalez@example.net,"86733 Robin Harbor Apt. 408
Westport, WY 67696"
4,Jake,Ferguson,Male,5817100204,edward70@example.com,"261 Christopher Track
Lake Debraland, MS 22279"
5,Jeremiah,Williams,Male,001-383-800-8944x971,matthew23@example.com,"7469 Amy Island Suite 411
Cynthiaville, NV 68023"
6,Melissa,Juarez,Other,4405771392,kking@example.com,"981 Curtis Parkways Suite 984
Jasonstad, OH 38726"
7,Roberto,Robinson,Male,411-314-1765x87367,etaylor@example.net,"61782 Hoffman Ramp
East Johnshire, AS 05924"
8,Stephen,Jones,Female,(950)815-2622x373,yschwartz@example.org,"84592 Scott Circles Apt. 903
Lake Lisaton, LA 97190"
9,Glenn,Bennett,Male,536.465.9177x61210,esparzalori@example.com,"1980 Amanda Ferry
New Tracy, ID 43521"
10,Joshua,Vasquez,Male,376.664.6250,qedwards@example.org,"375 Kristi Avenue Apt. 786
Kristinport, PW 01851"
11,Richard,Petty,Female,(802)237-9060,englishmichael@example.com,"209 Douglas Tunnel
North Michaelstad, NE 95567"
12,Jeffrey,Bates,Other,736.591.6945,smithrachel@example.net,"PSC 4064, Box 4620
APO AE 73317"
13,Peter,Villa,Female,7317285056,frankmia@example.com,"959 Anthony Keys
North Megan, NH 27715"
14,Elizabeth,Curtis,Male,754.364.1280x14183,rebeccawoods@example.net,"68119 Brandy Ramp Suite 716
East Zachary, GU 89790"
15,Catherine,Vega,Other,(268)371-9757x4198,ericsullivan@example.org,"PSC 6062, Box 5009
APO AP 53424"
16,Henry,Davidson,Male,419-305-3038,summersaaron@example.net,"201 Kathryn Lock Apt. 597
Burchmouth, AR 63971"
17,Tiffany,Snyder,Other,001-984-410-7344x531,gnelson@example.com,"74215 Aguilar Place Suite 014
West Cynthia, AK 65283"
18,Lindsey,Carter,Male,568.896.8598,tanya82@example.net,"4512 Judy Crossing Suite 183
East Beth, FM 53838"
19,Jennifer,Drake,Female,001-661-314-0767x478,caitlin34@example.org,"98512 Reed Pines Suite 837
Grayside, MO 86013"
20,Courtney,Hayden,Male,(954)526-5507,ohudson@example.net,"8284 Gutierrez Gardens Apt. 215
Allentown, MP 87314"
23,Christian,Baker,Female,(763)621-2120x18123,nancyfranklin@example.net,"29360 Amanda Pine Apt. 324
Jessicafurt, KY 41252"
24,Jenna,Brown,Other,(828)979-1321,estesthomas@example.net,"17034 Sheppard Cliffs
Lake Debbieland, AZ 20306"
25,Richard,Blair,Male,+1-478-214-0714,jeffrey11@example.net,"591 Johnson Avenue
East Cynthia, GU 54189"
26,Joseph,Ramsey,Male,401.881.3881x3736,leonard81@example.com,"09266 Sarah Expressway Apt. 619
Port Adamshire, MH 82571"
27,Jill,Palmer,Male,001-620-799-1096x51868,longmichelle@example.org,"PSC 8792, Box 3343
APO AA 64215"
28,Amanda,Sparks,Other,+1-518-764-2513x677,smithtimothy@example.net,"35565 Steven Squares Suite 590
North Tara, MS 13922"
29,Michael,Reid,Female,200-806-4505,alexandermelissa@example.com,"80866 Jorge Lane Suite 415
Palmerfurt, CA 69643"
30,Russell,Brown,Male,200-720-2003x5102,vincent75@example.org,"USNV Chan
FPO AE 53377"
31,Micheal,Collins,Other,+1-431-630-6147x846,seanbradford@example.net,"29202 Jeffrey Pass
Davisfort, AS 55074"
32,Kevin,Walker,Female,001-254-829-9067x22971,ytorres@example.com,"67621 Barrett Forge Suite 939
Sharpchester, PR 61224"
33,Heather,Adams,Other,+1-632-655-7121x86714,kelly27@example.org,"43085 Kathleen Bridge
Madisonton, MD 79704"
34,David,Carson,Other,001-958-545-8917x45248,jessicabeck@example.org,"96499 Daniel Stream
North Allison, VI 09137"
35,Amy,Reynolds,Female,+1-788-214-9098x53553,mkaiser@example.org,"6917 Thompson Estate
Port Marieland, TX 69255"
36,Paul,Rodriguez,Other,342.201.4355,bauermonica@example.org,"6268 Hall Mews
West Roy, MI 02994"
37,Sara,Vance,Male,447-882-6906x0078,hannah88@example.net,"2558 Perkins Shore
Jeffreyberg, KS 30709"
38,Aaron,Goodman,Male,(606)359-1722,maryreyes@example.org,"1126 Blake Neck Suite 839
Jamesmouth, SC 15663"
39,Nicole,Hall,Male,(230)347-4598x6230,stephanie90@example.net,"833 Daniel Canyon Suite 820
Kellyville, ID 63062"
40,Mary,Bradford,Other,001-272-542-5256x310,valeriemaddox@example.com,"265 Kimberly Isle Apt. 417
Lake Kaylafort, OH 54947"
41,Jackson,Myers,Female,464.501.4107x8125,armstrongmichael@example.org,"941 Ramirez Expressway
Howellhaven, PW 98063"
42,Linda,Sanchez,Female,+1-499-248-9536x3995,wspencer@example.org,"USS Mclaughlin
FPO AA 40489"
43,Joseph,Pierce,Male,(978)314-7953,susan58@example.org,"17063 Jessica Hill Suite 165
Velazquezside, GU 42666"
44,Jamie,Anderson,Male,632-932-4084x7269,wagnerchristina@example.net,"3168 Dixon Forest Suite 214
Curtistown, NE 70956"
45,Haley,Adams,Female,972.853.7717x442,charles52@example.net,"17084 Michael Walk
Port Cathyberg, GA 52148"
46,Tammy,Garza,Female,001-696-488-3306x628,keithpayne@example.org,"53772 Martin Isle Apt. 401
West Jaclynshire, GA 46655"
47,Kenneth,Decker,Male,977.890.4135x570,charles12@example.org,"421 Eric Points Apt. 803
West Robert, NV 60817"
48,Michele,Blair,Female,001-733-214-7715x592,xgillespie@example.com,"64957 Joshua Meadow Suite 041
New Johnton, OK 32124"
49,Daniel,Russo,Male,+1-750-711-8917,fritzjohn@example.org,"73905 Tran Wall Suite 855
Harrisborough, MS 88881"
50,Joseph,Lawrence,Other,(487)571-8484x28233,bsullivan@example.com,"40336 Deborah Throughway Apt. 032
East Mark, OR 49386"
51,Douglas,Johnson,Other,981-789-8314,gregg11@example.org,"61436 Stephen Port
Pattersonmouth, MT 07764"
52,Robert,Arnold,Male,(660)376-9965,victor76@example.org,"697 Lisa Road Apt. 650
East Toddhaven, MA 35231"
53,David,Irwin,Male,(687)366-7230x7290,tiffanyjordan@example.net,"831 Ho Extensions
East Josetown, OK 87985"
54,John,Taylor,Female,+1-479-208-6225x39979,frederickreed@example.net,"USCGC Hahn
FPO AA 17680"
55,Antonio,Gonzalez,Other,451-844-8660,jonathan00@example.com,"562 Megan Lake Apt. 432
Parkerchester, MT 98974"
56,Emily,Bates,Other,942-899-2101x95210,wbrown@example.net,"39417 Lisa Ranch
Port Amber, MD 58562"
57,Michael,Cox,Other,+1-700-299-1183x7450,ingrammario@example.net,"7951 Thompson Crossing
Simmonsport, MA 42388"
58,Daniel,Lopez,Male,8829258020,oharrison@example.org,"49646 Joshua Corner
Adammouth, WA 86445"
59,Roy,Andrews,Female,+1-298-710-8608x8561,jeffrey24@example.com,"22504 Walton Ville Apt. 985
South Michaelland, MA 51191"
60,Chelsea,Kelly,Female,4552349310,yatkins@example.net,"Unit 3536 Box 6820
DPO AA 32798"
61,John,Manning,Female,717.707.8232x476,atkinsongregory@example.org,"6967 Allen Walk
South Kenneth, NY 10080"
62,Aaron,Carlson,Female,(851)862-3717x734,angelicafranco@example.com,"390 Castillo Forge Suite 286
Port Julie, NM 27538"
63,Connie,Carter,Male,4672239563,jennifersweeney@example.net,"927 Watts Springs
Elliottfort, TX 24714"
64,Stacey,Wheeler,Other,783-465-3990x231,cortezjames@example.com,"570 Mcdowell Wall Suite 271
Youngborough, CA 70938"
65,Hunter,Campbell,Female,668.867.8943x0660,zrobinson@example.net,"3522 White Vista
Campbellport, VT 48257"
66,Robert,Allen,Female,001-332-849-0036x68128,carlknox@example.org,"71040 Rogers Court Suite 476
New Beth, NH 86950"
67,Anne,Hicks,Male,001-851-427-4401x69711,petermeyer@example.org,"03101 Pierce Turnpike Suite 299
Matamouth, WY 01402"
68,Justin,Dennis,Other,4592885469,steven98@example.com,"13700 Lucas Gateway Apt. 658
North Mary, PR 35318"
69,Christopher,Moore,Male,478-763-6317,victoriablack@example.com,"7554 Joseph Junction
South Devon, WY 21708"
70,Barbara,Lutz,Female,001-428-551-9440x2772,tsharp@example.org,"349 Debbie Court Suite 428
North Amyfurt, OH 50123"
71,Susan,Gardner,Female,2599827164,katelyn55@example.org,"26430 Richard Ville Apt. 062
Johnsonfort, ID 80777"
72,Kyle,Hernandez,Female,001-324-231-9856x989,jamesbradley@example.org,"2126 Brian Street
Port Karen, PA 78930"
73,Kara,Ramirez,Other,537.582.5831,xmason@example.net,"05322 Matthew Keys Suite 421
Hallhaven, MP 51986"
74,Spencer,Smith,Female,227-740-6698,blee@example.org,"5906 Henderson Village
Rachaelburgh, PR 13925"
75,Peggy,Cohen,Female,651.351.6258x07605,cbrown@example.com,"716 Jones Pass
Douglasside, VA 28861"
76,Zachary,Young,Male,652-672-0699x2285,whitedavid@example.net,"80657 Bailey Divide Suite 929
Anthonyhaven, DE 19448"
77,Sean,Christensen,Other,+1-616-296-1144x443,kimrussell@example.org,"0227 Andrew Greens Apt. 656
Joshuafort, ME 90807"
78,Andrew,Jensen,Female,+1-788-561-9987,hayden79@example.net,"918 Laura Shores Apt. 099
Rodriguezchester, IN 72371"
79,Brenda,Bowers,Male,+1-583-702-1765,steven85@example.org,"51945 John Views Apt. 098
Teresastad, MI 43094"
80,Julie,Harvey,Male,639.600.8066x50808,melissa08@example.net,"PSC 5226, Box 5828
APO AA 16524"
81,Sylvia,Perez,Male,968.902.9001x273,jeremy63@example.org,"9672 Ward Center Suite 961
Rebeccaton, NH 07275"
82,Antonio,Hill,Male,001-426-289-6373,weisspamela@example.org,"16938 Levi Forge
South Alexandra, IA 49572"
83,Molly,Turner,Other,(537)832-1133x29033,dennisedwards@example.org,"9430 Rojas Port Apt. 147
Shieldsfort, GU 00644"
84,Nicholas,Adams,Female,267.830.6896,stephaniemassey@example.com,"23456 Jonathan Isle
North Kevin, IA 37771"
85,Tonya,Beard,Male,+1-459-864-0175x23163,emilyprice@example.net,"2668 Tracey Point Suite 459
New Alex, MH 17457"
86,Stephanie,Clark,Male,443-406-7246,emilynash@example.net,"10429 Frost Ways
Virginiamouth, NC 48732"
87,Theresa,Jordan,Female,586.237.5061,mbennett@example.net,"419 Kemp Lock Apt. 543
Wendyburgh, WA 35327"
88,Karina,Wallace,Male,001-412-526-4286x120,michelleboone@example.org,"2479 Green Freeway Suite 036
New Taylorbury, DE 52499"
89,Michael,Martinez,Male,478-813-9204x71814,helenanthony@example.net,"330 Vaughn Roads Apt. 102
East Kathleenview, GA 02760"
90,Holly,Campos,Female,(222)627-6440x3374,andrewtaylor@example.net,"701 Olivia Mountain
Port Amber, ID 49594"
91,Molly,Mercer,Male,001-266-936-3560x11903,wsanchez@example.com,"PSC 2673, Box 9480
APO AP 94147"
92,Trevor,Houston,Other,(907)313-8607x52154,joseph89@example.com,"201 Rebecca Islands
Annstad, HI 61791"
93,Cynthia,Mcfarland,Female,748-203-2241x097,monroetanya@example.com,"6985 Wade Path Apt. 724
Port Susanview, MS 22584"
94,Steve,Francis,Other,001-588-381-0336x1515,christinawheeler@example.com,"57490 Eric Springs
Aaronview, RI 03606"
95,Veronica,Odonnell,Male,597-270-7225x509,stacy30@example.org,"USCGC Hernandez
FPO AE 64938"
96,Andrew,Anderson,Male,(625)684-8747x63470,sean97@example.net,"13138 Cindy Route Apt. 484
North Daniellechester, WV 26724"
97,Benjamin,Ball,Other,001-689-833-9727,gregory31@example.net,"79212 Johns Tunnel Suite 051
South Timothystad, MH 32229"
98,Dawn,Davis,Other,(302)687-7325,paulthomas@example.com,"05242 Ashley Square Suite 878
Lake Elizabethberg, GA 54237"
99,Ashley,Kelly,Other,421-777-1550x1574,xking@example.net,"85716 Andrea Squares
West Roy, KS 34648"
100,Brandon,Cunningham,Male,(879)559-0832x66991,whitemarie@example.com,"0722 Rebecca Forks
Markton, ME 15371"
101,George,Martinez,Female,001-201-581-1774x9114,jessica35@example.com,"5532 Santos Parkway Suite 045
Lake Barbaraton, NC 61502"
102,Robyn,Fry,Other,001-726-898-6379x75166,alicia35@example.net,"905 Sanchez Port Apt. 274
East Deborah, MH 47794"
103,William,Hays,Male,994-920-7941x46958,ecarter@example.com,"63088 Everett Streets
East Carla, MH 96466"
104,Diana,Harris,Male,001-563-519-3018,kyle86@example.org,"05742 Kyle Crossing
Port Marcomouth, SC 92844"
105,Savannah,Hernandez,Male,(886)500-0638x525,courtney08@example.org,"Unit 4735 Box 5623
DPO AA 33634"
106,Jody,Salazar,Female,918.312.7322,chahn@example.com,"988 Derrick Club Apt. 064
New Roberta, UT 06680"
107,Eric,Boyd,Male,4584007392,wwoods@example.com,"23669 Romero Shoals
South Jose, KS 94992"
108,Randall,Austin,Female,+1-314-345-3726,uklein@example.org,"4017 Sylvia Spring
South Zacharybury, NJ 13273"
109,Kelly,Jones,Other,+1-940-388-9963,mcculloughrobert@example.org,"6967 Joy Crescent
South Josestad, TX 67395"
110,James,Rodriguez,Other,001-493-881-6927x5207,arroyomatthew@example.net,"28277 Anderson Extension
Conwayville, MT 47403"
111,Trevor,Galvan,Female,385-566-6969,deckershelly@example.com,"803 Rivera Port
Orozcochester, ND 75625"
112,Larry,Castillo,Other,+1-301-660-5297x3536,maria31@example.com,"591 Jason Shore Apt. 235
Dawnside, CA 20663"
113,Dawn,Heath,Other,+1-760-791-3771,davismark@example.org,"35679 Martin Courts
Darlenestad, PA 12110"
114,Justin,Mann,Female,993.913.2618,christopherphelps@example.org,"189 Lopez Tunnel Apt. 030
South Jamesview, OH 04526"
115,Tony,Bailey,Other,(897)327-9876,taylortheresa@example.org,"USCGC Henry
FPO AP 15465"
116,Cory,James,Female,(620)602-2262x22057,pgreene@example.org,"900 Deborah Lodge Suite 866
Chelseaberg, AK 51322"
117,Rachel,Goodman,Male,+1-852-299-3875x361,barbara31@example.org,"PSC 7655, Box 2794
APO AA 83468"
118,Theresa,Daniel,Other,+1-754-562-1864,michaelwebster@example.com,"889 Dunlap Mountain
Lake Joshua, PW 57411"
119,Juan,Livingston,Male,9806051567,jenkinssuzanne@example.com,"681 Dennis Cliffs
New Nicholasmouth, ID 99109"
120,Timothy,Parker,Male,001-947-234-5102x340,clarkmichael@example.org,"33799 Jeffrey Forks
North Blake, GU 60082"
121,Teresa,Allen,Other,+1-289-468-3133x3773,ochoanicole@example.org,"1099 Joshua Causeway
Stephensburgh, KS 26319"
122,Eric,Ward,Other,001-855-446-2128x992,levinebrett@example.net,"69442 Lopez Oval Suite 216
Davidport, OR 43969"
123,Cheyenne,Guerra,Female,001-455-560-9504x763,timothy86@example.net,"18319 Santiago Roads
North Glenn, ND 54396"
124,Kimberly,Barnes,Female,234.400.7575x370,orozcokristen@example.net,"95741 Roy Island
South Michelleport, MN 00977"
125,Ronald,Jackson,Female,(768)752-2428,sharon08@example.org,"Unit 4120 Box 5869
DPO AP 25510"
126,Zachary,Johnson,Other,394-769-1812x5795,fpowell@example.com,"613 Olivia Crescent Suite 570
Turnerberg, SC 10410"
127,Jason,Myers,Other,001-996-453-4620x60920,adamwilson@example.com,"939 Coleman Shoals Suite 404
Dorseyfurt, AS 90794"
128,Robert,Williams,Other,453.826.0149x825,dreese@example.org,"20914 Silva Extensions Apt. 249
West Catherine, AL 38810"
129,Joshua,Oliver,Male,654-603-7909,lisa87@example.com,"316 Parks Loop Suite 237
Perezmouth, AR 64474"
130,Lisa,Romero,Other,+1-633-965-8701x196,fmorris@example.net,"04363 Robert Key Apt. 360
Mitchellview, AR 69563"
131,Sandra,Fitzgerald,Female,(310)750-7432x7495,seanmiller@example.org,"70184 Anna Inlet
Knightfort, IL 35707"
132,Brandon,Reyes,Female,001-860-988-7211,yuchristina@example.org,"34059 Green Crossroad
North David, NJ 31852"
133,Kristin,Duran,Male,+1-593-260-2360,ghodge@example.com,"7460 Graham Falls Apt. 459
Tiffanybury, MS 82144"
134,Jessica,Miller,Female,(207)773-8433,amber39@example.com,"377 Valerie Street Suite 246
Port Patricia, WA 88138"
135,Vincent,Taylor,Other,+1-980-318-0665x97317,ibrown@example.com,"160 Barry Views Apt. 355
Edwardport, WA 79368"
136,John,Russell,Other,+1-321-568-3058x65186,angelaochoa@example.net,"086 Sean Ridge
Port Kathrynshire, OH 64871"
137,Cody,Fisher,Male,(454)918-9725,warnermary@example.org,"32776 James Knoll
Woodton, GA 07447"
138,Erica,Pugh,Male,001-450-305-3688x9474,bwinters@example.net,"937 Dougherty Glens Suite 142
Petersonmouth, PR 73676"
139,Michelle,Perez,Other,+1-643-413-3640x317,krogers@example.com,"06403 Green Trafficway Suite 709
Monicafort, GA 04946"
140,Joe,Washington,Male,520-393-9849,vhaney@example.net,"45918 Gregory Plain Suite 746
Nelsonport, NH 65475"
141,Jeffrey,Robertson,Female,+1-922-940-2101x528,josephwallace@example.net,"888 Duffy Fork Suite 170
Bakermouth, LA 18034"
142,Ashley,Hayes,Male,+1-478-715-8271x245,benderpatrick@example.net,"85667 Kent Pass
Brianmouth, MN 28657"
143,Jasmine,Green,Male,001-699-741-7388,chase97@example.org,"7199 Rachel Springs
Garyview, WY 91146"
144,Haley,Adams,Female,001-257-642-4199x2327,scottjessica@example.net,"0675 Brown Common
Shahton, VT 64745"
145,Kenneth,Sanders,Male,(638)537-7956x35847,wilkersonstacy@example.com,"PSC 3960, Box 2209
APO AE 38402"
146,Karen,Lopez,Other,(912)894-2324,bgillespie@example.net,"43765 Le Pass Apt. 504
Abigailhaven, MO 06695"
147,James,Mathews,Male,+1-946-961-5047x3994,mackleroy@example.com,"923 Hall Inlet Suite 899
New Christopher, AL 29267"
148,Timothy,Hernandez,Other,949.862.8524x500,vsmith@example.net,"56990 Moore Plain Apt. 271
Claudiafurt, OH 75307"
149,Karen,Soto,Male,+1-677-475-7145x78958,iramirez@example.com,"Unit 0266 Box 1612
DPO AP 31588"
150,Edward,Horton,Female,387.305.6843,gregoryjones@example.net,"124 Woodward Pike
Joshualand, MI 92454"
151,Angela,Hall,Female,765.407.2390x053,vanessarubio@example.net,"70086 Reed Lights Suite 378
Ashleyhaven, OK 81926"
152,Dawn,Fritz,Other,6969903507,wagnerdavid@example.org,"303 Amanda Junction Apt. 713
Michaelberg, MT 09106"
153,Jonathan,Leon,Male,914-307-9496,stevencooper@example.net,"4022 Williams Ford Suite 759
Tonyaton, VI 55568"
154,Michelle,Brown,Male,(425)898-8589x50573,umorton@example.net,"261 Lopez Flats
Taylortown, PR 60634"
155,David,Becker,Female,+1-694-797-5953x892,dhernandez@example.org,"PSC 5765, Box 2433
APO AE 56182"
156,Melanie,Curtis,Male,(285)220-0752x1315,zhoward@example.org,"PSC 6338, Box 3066
APO AE 69084"
157,Eddie,Colon,Male,001-523-940-6370,justinmcknight@example.net,"55486 Katie Rue Apt. 014
Gregoryview, KS 02399"
158,Angelica,Sandoval,Male,(290)743-5668,reynoldscourtney@example.org,"USNS Bowman
FPO AA 64561"
159,Stephen,Alvarez,Other,+1-531-650-3287x76341,sshields@example.com,"224 Lopez Turnpike Suite 683
Brianbury, SD 84840"
160,Lisa,Bean,Male,286-983-1697,martinezbeth@example.net,"522 Andrew Plaza Suite 025
Debratown, LA 56113"
161,Christine,Johnson,Male,2369202935,beth02@example.org,"PSC 5131, Box 5136
APO AA 83731"
162,Benjamin,Huff,Male,768.585.5721,hthompson@example.net,"53546 Meghan Pine Suite 688
New Jennifer, AR 36906"
163,Justin,Henry,Female,(373)336-7123,andreaboone@example.com,"27628 Amber Lock
Arthurberg, CA 81365"
164,Richard,Jefferson,Other,(883)485-6126x515,stevensonjenny@example.com,"2155 Jennifer Forks Apt. 417
Robinshire, GA 25751"
165,Megan,Powell,Other,544.250.0455x956,juliawilson@example.net,"33132 Smith Forest
Port Alyssa, OK 20444"
166,Matthew,Holmes,Female,228.721.4854x907,martinezaaron@example.com,"103 Hayes Street Suite 439
South Lynn, LA 88881"
167,Bryan,Thomas,Male,879-861-7743x1753,cynthia15@example.com,"205 Sutton Key
Cameronfurt, NE 71725"
168,Victor,Hernandez,Other,+1-953-429-1285x9403,zwalters@example.com,"801 Nelson Valley
East Justinchester, IN 38054"
169,Trevor,Marshall,Other,(909)445-2643,brittany29@example.net,"8110 Tiffany Glen
Sarahchester, CT 95160"
170,Susan,Johnson,Male,+1-679-680-1791x42868,pfitzgerald@example.com,"81296 Adams Stream
Randyview, NC 17408"
171,Adam,Hanson,Female,2432272295,waltonandrea@example.org,"7186 Singleton Union Apt. 559
East Samantha, CO 70134"
172,Anthony,Rodriguez,Male,+1-299-296-7089x742,ibruce@example.com,"7731 Cheryl Junctions Suite 995
Bakerborough, PA 65436"
